,asian_man,asian_woman,black_man,black_woman,white_man,white_woman,indian_man,indian_woman
natural_makeup,"(nan, 0.2222222222222222, 0, 27)","(nan, 0, 0, 27)","(1.0, 0.875, -62.508311453968844, 7)","(nan, 0.037037037037037035, 0, 27)","(1.0, 0.07692307692307693, 122.5262954796249, 5)","(nan, 0.18518518518518517, 0, 27)","(1.0, 0.11538461538461539, -12.284342948109469, 5)","(nan, 0.037037037037037035, 0, 27)"
glasses,"(nan, 0.2222222222222222, 0, 36)","(1.0, 0.34285714285714286, 8.212376412242094, 5)","(1.0, 0.3548387096774194, 12.577565010874906, 9)","(1.0, 0.0, 212.72974472889248, 3)","(1.0, 0.3, 70.5350845421249, 6)","(1.0, 0.5806451612903226, -19.711924735218844, 6)","(1.0, 0.6857142857142857, -62.99015349498447, 5)","(1.0, 0.2647058823529412, -2.3429214393204063, 7)"
sunglasses,"(nan, 0.2222222222222222, 0, 36)","(1.0, 0.34285714285714286, 8.212376412242094, 5)","(1.0, 0.3548387096774194, 12.577565010874906, 9)","(1.0, 0.0, 212.72974472889248, 3)","(1.0, 0.3, 70.5350845421249, 6)","(1.0, 0.5806451612903226, -19.711924735218844, 6)","(1.0, 0.6857142857142857, -62.99015349498447, 5)","(1.0, 0.2647058823529412, -2.3429214393204063, 7)"
young,"(1.0, 0.0, 106.83638459095303, 3)","(1.0, 0.058823529411764705, -20.50548857799228, 4)","(nan, 0.16666666666666666, 0, 18)","(nan, 0.05555555555555555, 0, 18)","(1.0, 0.375, -26.82218474498447, 7)","(1.0, 0.375, 0.9122818077499062, 5)","(1.0, 0.4375, -45.47056120982822, 7)","(1.0, 0.0, 99.75757294544522, 3)"
mustache,"(nan, 0.1111111111111111, 0, 45)","(1.0, 0.0, 207.7612331474716, 4)","(1.0, 0.7380952380952381, -53.43375701060947, 8)","(1.0, 0.39285714285714285, 114.61902314075772, 14)","(1.0, 0.05263157894736842, 140.3343475426132, 8)","(1.0, 0.11538461538461539, 209.43145924457852, 11)","(1.0, 0.5116279069767442, -67.83118743053134, 7)","(1.0, 0.3870967741935484, 2.110951241343656, 14)"
heavy_makeup,"(nan, 0.2222222222222222, 0, 27)","(nan, 0, 0, 27)","(1.0, 0.875, -62.508311453968844, 7)","(nan, 0.037037037037037035, 0, 27)","(1.0, 0.07692307692307693, 122.5262954796249, 5)","(nan, 0.18518518518518517, 0, 27)","(1.0, 0.11538461538461539, -12.284342948109469, 5)","(nan, 0.037037037037037035, 0, 27)"
shoulder_length_hair,"(1.0, 0.7317073170731707, -71.53092497935947, 8)","(nan, 0.08888888888888889, 0, 45)","(1.0, 0.045454545454545456, 140.6438949669296, 5)","(1.0, 0.3333333333333333, -28.661021414906344, 6)","(1.0, 0.21621621621621623, 43.85535126575772, 8)","(1.0, 0.4, -29.12082976451572, 16)","(1.0, 0.5641025641025641, -60.99051970592197, 12)","(nan, 0.17777777777777778, 0, 45)"
scarf,"(nan, 0.2222222222222222, 0, 36)","(1.0, 0.34285714285714286, 8.212376412242094, 5)","(1.0, 0.3548387096774194, 12.577565010874906, 9)","(1.0, 0.0, 212.72974472889248, 3)","(1.0, 0.3, 70.5350845421249, 6)","(1.0, 0.5806451612903226, -19.711924735218844, 6)","(1.0, 0.6857142857142857, -62.99015349498447, 5)","(1.0, 0.2647058823529412, -2.3429214393204063, 7)"
pigtails,"(1.0, 0.7317073170731707, -71.53092497935947, 8)","(nan, 0.08888888888888889, 0, 45)","(1.0, 0.045454545454545456, 140.6438949669296, 5)","(1.0, 0.3333333333333333, -28.661021414906344, 6)","(1.0, 0.21621621621621623, 43.85535126575772, 8)","(1.0, 0.4, -29.12082976451572, 16)","(1.0, 0.5641025641025641, -60.99051970592197, 12)","(nan, 0.17777777777777778, 0, 45)"
smile,"(nan, 0, 0, 9)","(nan, 0, 0, 9)","(nan, 0.1111111111111111, 0, 9)","(nan, 0, 0, 9)","(nan, 0, 0, 9)","(1.0, 0.0, 219.69385605701748, 4)","(1.0, 0.375, -59.39860076060947, 5)","(nan, 0.1111111111111111, 0, 9)"
buzz_cut,"(1.0, 0.7317073170731707, -71.53092497935947, 8)","(nan, 0.08888888888888889, 0, 45)","(1.0, 0.045454545454545456, 140.6438949669296, 5)","(1.0, 0.3333333333333333, -28.661021414906344, 6)","(1.0, 0.21621621621621623, 43.85535126575772, 8)","(1.0, 0.4, -29.12082976451572, 16)","(1.0, 0.5641025641025641, -60.99051970592197, 12)","(nan, 0.17777777777777778, 0, 45)"
head_band,"(nan, 0, 0, 36)","(nan, 0, 0, 36)","(nan, 0.3055555555555556, 0, 36)","(nan, 0.05555555555555555, 0, 36)","(nan, 0.16666666666666666, 0, 36)","(1.0, 0.03125, 72.10338288196866, 6)","(1.0, 0.23529411764705882, -44.42154997935947, 6)","(1.0, 0.0, 24.209507759898344, 3)"
thick_beard,"(nan, 0.1111111111111111, 0, 45)","(1.0, 0.0, 207.7612331474716, 4)","(1.0, 0.7380952380952381, -53.43375701060947, 8)","(1.0, 0.39285714285714285, 114.61902314075772, 14)","(1.0, 0.05263157894736842, 140.3343475426132, 8)","(1.0, 0.11538461538461539, 209.43145924457852, 11)","(1.0, 0.5116279069767442, -67.83118743053134, 7)","(1.0, 0.3870967741935484, 2.110951241343656, 14)"
female,"(1.0, 0.4117647058823529, -63.477061453968844, 5)","(1.0, 0.0, 276.992878731578, 4)","(nan, 0.3333333333333333, 0, 18)","(1.0, 0.06666666666666667, 132.1268814171249, 6)","(1.0, 0.29411764705882354, -11.775569144398531, 5)","(1.0, 0.0, 258.4539383018905, 4)","(1.0, 0.0, 110.05772095569912, 4)","(nan, 0, 0, 18)"
male,"(1.0, 0.4117647058823529, -63.477061453968844, 5)","(1.0, 0.0, 276.992878731578, 4)","(nan, 0.3333333333333333, 0, 18)","(1.0, 0.06666666666666667, 132.1268814171249, 6)","(1.0, 0.29411764705882354, -11.775569144398531, 5)","(1.0, 0.0, 258.4539383018905, 4)","(1.0, 0.0, 110.05772095569912, 4)","(nan, 0, 0, 18)"
blue_hair,"(nan, 0.05555555555555555, 0, 18)","(nan, 0.16666666666666666, 0, 18)","(nan, 0.6111111111111112, 0, 18)","(1.0, 0.0, 323.0494964683944, 3)","(1.0, 0.0, 245.70318489918057, 3)","(1.0, 0.0, 354.0045669639999, 4)","(nan, 0, 0, 18)","(nan, 0.3333333333333333, 0, 18)"
facemask,"(nan, 0.2222222222222222, 0, 36)","(1.0, 0.34285714285714286, 8.212376412242094, 5)","(1.0, 0.3548387096774194, 12.577565010874906, 9)","(1.0, 0.0, 212.72974472889248, 3)","(1.0, 0.3, 70.5350845421249, 6)","(1.0, 0.5806451612903226, -19.711924735218844, 6)","(1.0, 0.6857142857142857, -62.99015349498447, 5)","(1.0, 0.2647058823529412, -2.3429214393204063, 7)"
patchy_beard,"(nan, 0.1111111111111111, 0, 45)","(1.0, 0.0, 207.7612331474716, 4)","(1.0, 0.7380952380952381, -53.43375701060947, 8)","(1.0, 0.39285714285714285, 114.61902314075772, 14)","(1.0, 0.05263157894736842, 140.3343475426132, 8)","(1.0, 0.11538461538461539, 209.43145924457852, 11)","(1.0, 0.5116279069767442, -67.83118743053134, 7)","(1.0, 0.3870967741935484, 2.110951241343656, 14)"
no_operation_sega,"(nan, 0, 0, 36)","(nan, 0, 0, 36)","(nan, 0.3055555555555556, 0, 36)","(nan, 0.05555555555555555, 0, 36)","(nan, 0.16666666666666666, 0, 36)","(1.0, 0.03125, 72.10338288196866, 6)","(1.0, 0.23529411764705882, -44.42154997935947, 6)","(1.0, 0.0, 24.209507759898344, 3)"
dark_colored_skin_tone,"(nan, 0, 0, 36)","(nan, 0, 0, 36)","(nan, 0.3055555555555556, 0, 36)","(nan, 0.05555555555555555, 0, 36)","(nan, 0.16666666666666666, 0, 36)","(1.0, 0.03125, 72.10338288196866, 6)","(1.0, 0.23529411764705882, -44.42154997935947, 6)","(1.0, 0.0, 24.209507759898344, 3)"
afro,"(1.0, 0.7317073170731707, -71.53092497935947, 8)","(nan, 0.08888888888888889, 0, 45)","(1.0, 0.045454545454545456, 140.6438949669296, 5)","(1.0, 0.3333333333333333, -28.661021414906344, 6)","(1.0, 0.21621621621621623, 43.85535126575772, 8)","(1.0, 0.4, -29.12082976451572, 16)","(1.0, 0.5641025641025641, -60.99051970592197, 12)","(nan, 0.17777777777777778, 0, 45)"
curly_hair,"(1.0, 0.7317073170731707, -71.53092497935947, 8)","(nan, 0.08888888888888889, 0, 45)","(1.0, 0.045454545454545456, 140.6438949669296, 5)","(1.0, 0.3333333333333333, -28.661021414906344, 6)","(1.0, 0.21621621621621623, 43.85535126575772, 8)","(1.0, 0.4, -29.12082976451572, 16)","(1.0, 0.5641025641025641, -60.99051970592197, 12)","(nan, 0.17777777777777778, 0, 45)"
goatee,"(nan, 0.1111111111111111, 0, 45)","(1.0, 0.0, 207.7612331474716, 4)","(1.0, 0.7380952380952381, -53.43375701060947, 8)","(1.0, 0.39285714285714285, 114.61902314075772, 14)","(1.0, 0.05263157894736842, 140.3343475426132, 8)","(1.0, 0.11538461538461539, 209.43145924457852, 11)","(1.0, 0.5116279069767442, -67.83118743053134, 7)","(1.0, 0.3870967741935484, 2.110951241343656, 14)"
light_colored_skin_tone,"(nan, 0, 0, 36)","(nan, 0, 0, 36)","(nan, 0.3055555555555556, 0, 36)","(nan, 0.05555555555555555, 0, 36)","(nan, 0.16666666666666666, 0, 36)","(1.0, 0.03125, 72.10338288196866, 6)","(1.0, 0.23529411764705882, -44.42154997935947, 6)","(1.0, 0.0, 24.209507759898344, 3)"
old,"(1.0, 0.0, 106.83638459095303, 3)","(1.0, 0.058823529411764705, -20.50548857799228, 4)","(nan, 0.16666666666666666, 0, 18)","(nan, 0.05555555555555555, 0, 18)","(1.0, 0.375, -26.82218474498447, 7)","(1.0, 0.375, 0.9122818077499062, 5)","(1.0, 0.4375, -45.47056120982822, 7)","(1.0, 0.0, 99.75757294544522, 3)"
red_lipstick,"(nan, 0.2222222222222222, 0, 27)","(nan, 0, 0, 27)","(1.0, 0.875, -62.508311453968844, 7)","(nan, 0.037037037037037035, 0, 27)","(1.0, 0.07692307692307693, 122.5262954796249, 5)","(nan, 0.18518518518518517, 0, 27)","(1.0, 0.11538461538461539, -12.284342948109469, 5)","(nan, 0.037037037037037035, 0, 27)"
red_hair,"(nan, 0.05555555555555555, 0, 18)","(nan, 0.16666666666666666, 0, 18)","(nan, 0.6111111111111112, 0, 18)","(1.0, 0.0, 323.0494964683944, 3)","(1.0, 0.0, 245.70318489918057, 3)","(1.0, 0.0, 354.0045669639999, 4)","(nan, 0, 0, 18)","(nan, 0.3333333333333333, 0, 18)"
thick_eyebrow,"(nan, 0.1111111111111111, 0, 45)","(1.0, 0.0, 207.7612331474716, 4)","(1.0, 0.7380952380952381, -53.43375701060947, 8)","(1.0, 0.39285714285714285, 114.61902314075772, 14)","(1.0, 0.05263157894736842, 140.3343475426132, 8)","(1.0, 0.11538461538461539, 209.43145924457852, 11)","(1.0, 0.5116279069767442, -67.83118743053134, 7)","(1.0, 0.3870967741935484, 2.110951241343656, 14)"
